X,Y,Z,Label
53,68,0,0
60,72,0,0
69,78,0,0
75,82,0,0
83,88,0,0
87,92,0,0
92,96,0,0
96,99,0,0
99,101,0,0
103,105,0,0
106,107,0,0
109,110,0,0
112,114,0,0
117,117,0,0
121,124,0,0
126,128,0,0
130,133,0,0
135,140,0,0
138,144,0,0
140,148,0,0
144,152,0,0
146,156,0,0
148,158,0,0
149,162,0,0
152,166,0,0
155,170,0,0
157,175,0,0
159,180,0,0
163,184,0,0
164,189,0,0
168,192,0,0
169,197,0,0
172,200,0,0
174,202,0,0
176,203,0,0
176,205,0,0
177,206,0,0
180,208,0,0
182,209,0,0
183,210,0,0
184,212,0,0
185,212,0,0
186,213,0,0
187,213,0,0
187,214,0,0
188,214,0,0
189,214,0,0
189,212,0,0
189,211,0,0
190,209,0,0
60,291,0,0
61,290,0,0
62,290,0,0
62,289,0,0
62,288,0,0
63,288,0,0
63,286,0,0
64,285,0,0
65,284,0,0
66,284,0,0
66,283,0,0
66,282,0,0
67,281,0,0
67,280,0,0
67,279,0,0
68,278,0,0
68,277,0,0
69,276,0,0
70,276,0,0
71,275,0,0
71,273,0,0
72,272,0,0
73,272,0,0
74,271,0,0
75,270,0,0
75,269,0,0
77,268,0,0
79,268,0,0
79,267,0,0
79,266,0,0
81,265,0,0
83,264,0,0
84,263,0,0
85,263,0,0
86,263,0,0
87,261,0,0
87,260,0,0
88,260,0,0
89,260,0,0
90,260,0,0
91,260,0,0
91,259,0,0
91,258,0,0
92,258,0,0
92,257,0,0
93,257,0,0
93,256,0,0
94,256,0,0
95,256,0,0
95,255,0,0
96,254,0,0
97,253,0,0
97,252,0,0
98,252,0,0
99,251,0,0
99,250,0,0
101,248,0,0
102,247,0,0
102,246,0,0
103,246,0,0
103,245,0,0
103,244,0,0
104,244,0,0
106,242,0,0
107,241,0,0
107,240,0,0
109,240,0,0
110,239,0,0
111,237,0,0
111,236,0,0
114,235,0,0
115,234,0,0
115,233,0,0
117,232,0,0
119,232,0,0
120,231,0,0
122,229,0,0
123,228,0,0
124,228,0,0
125,228,0,0
126,228,0,0
127,227,0,0
129,226,0,0
130,225,0,0
131,225,0,0
131,224,0,0
132,223,0,0
134,222,0,0
135,221,0,0
136,220,0,0
137,219,0,0
138,219,0,0
139,216,0,0
140,216,0,0
142,216,0,0
143,215,0,0
143,213,0,0
145,212,0,0
147,212,0,0
148,210,0,0
150,209,0,0
151,208,0,0
152,208,0,0
155,206,0,0
155,205,0,0
156,205,0,0
157,205,0,0
158,204,0,0
159,203,0,0
159,202,0,0
161,202,0,0
162,202,0,0
163,201,0,0
163,200,0,0
164,200,0,0
165,200,0,0
165,199,0,0
167,199,0,0
168,196,0,0
169,196,0,0
171,196,0,0
171,195,0,0
171,193,0,0
174,193,0,0
175,192,0,0
176,191,0,0
176,190,0,0
177,190,0,0
178,190,0,0
178,189,0,0
179,189,0,0
181,188,0,0
182,188,0,0
183,187,0,0
183,186,0,0
186,185,0,0
187,184,0,0
187,183,0,0
189,183,0,0
191,181,0,0
191,180,0,0
193,180,0,0
194,180,0,0
195,177,0,0
196,176,0,0
197,176,0,0
199,176,0,0
199,175,0,0
200,174,0,0
202,173,0,0
203,172,0,0
203,171,0,0
205,170,0,0
207,168,0,0
207,167,0,0
208,166,0,0
210,164,0,0
212,162,0,0
214,160,0,0
215,159,0,0
216,156,0,0
220,154,0,0
221,153,0,0
223,152,0,0
225,148,0,0
227,148,0,0
229,146,0,0
230,144,0,0
231,144,0,0
233,143,0,0
235,141,0,0
235,140,0,0
237,139,0,0
238,139,0,0
238,138,0,0
239,137,0,0
241,136,0,0
242,136,0,0
243,135,0,0
243,134,0,0
244,133,0,0
245,133,0,0
246,132,0,0
247,132,0,0
247,131,0,0
249,131,0,0
250,128,0,0
251,128,0,0
251,127,0,0
252,127,0,0
253,127,0,0
123,266,0,0
122,266,0,0
121,266,0,0
120,266,0,0
120,265,0,0
119,265,0,0
119,264,0,0
118,264,0,0
117,263,0,0
116,263,0,0
115,263,0,0
115,262,0,0
114,262,0,0
113,261,0,0
112,261,0,0
112,260,0,0
111,260,0,0
111,259,0,0
110,259,0,0
110,258,0,0
109,258,0,0
108,257,0,0
108,256,0,0
108,255,0,0
108,254,0,0
108,253,0,0
108,252,0,0
107,252,0,0
107,251,0,0
107,250,0,0
107,249,0,0
107,248,0,0
107,247,0,0
107,246,0,0
107,245,0,0
107,244,0,0
107,243,0,0
107,242,0,0
107,241,0,0
107,240,0,0
107,239,0,0
107,238,0,0
107,237,0,0
107,236,0,0
107,235,0,0
107,234,0,0
107,233,0,0
107,232,0,0
107,231,0,0
107,230,0,0
107,229,0,0
107,228,0,0
107,227,0,0
107,226,0,0
107,225,0,0
107,224,0,0
107,223,0,0
107,222,0,0
107,221,0,1
107,220,0,1
107,219,0,1
107,218,0,1
108,217,0,1
108,216,0,1
108,215,0,1
108,214,0,1
108,213,0,1
109,213,0,1
109,212,0,1
109,211,0,1
109,210,0,1
109,209,0,1
110,208,0,1
110,207,0,1
110,206,0,1
111,206,0,1
111,205,0,1
111,204,0,1
111,203,0,1
112,202,0,1
112,201,0,1
113,200,0,1
114,199,0,1
114,198,0,1
114,197,0,1
115,197,0,1
115,196,0,1
115,195,0,1
116,194,0,1
116,193,0,1
117,193,0,1
117,192,0,1
118,192,0,1
118,191,0,1
118,190,0,1
119,189,0,1
119,188,0,1
120,188,0,1
120,187,0,1
121,186,0,1
122,186,0,1
122,185,0,1
123,184,0,1
124,183,0,1
124,182,0,1
125,182,0,1
125,181,0,1
126,181,0,1
126,180,0,1
127,180,0,1
127,179,0,1
128,179,0,1
128,178,0,1
128,177,0,1
129,177,0,1
129,176,0,1
130,176,0,1
131,176,0,1
131,175,0,1
132,175,0,1
132,174,0,1
132,173,0,1
133,173,0,1
133,172,0,1
134,172,0,1
135,171,0,1
136,171,0,1
136,170,0,1
137,170,0,1
137,169,0,1
138,169,0,1
139,169,0,1
139,168,0,1
140,168,0,1
140,167,0,1
141,167,0,1
142,166,0,1
143,166,0,1
143,165,0,1
144,165,0,1
145,164,0,1
146,164,0,1
147,164,0,1
147,163,0,1
148,163,0,1
149,163,0,1
150,162,0,1
151,162,0,1
151,161,0,1
152,161,0,1
153,161,0,1
154,161,0,1
155,160,0,1
156,160,0,1
157,160,0,1
158,160,0,1
159,160,0,1
159,159,0,1
160,159,0,1
161,159,0,1
162,159,0,1
163,159,0,1
164,159,0,1
165,159,0,1
166,159,0,1
167,159,0,1
168,159,0,1
169,159,0,1
170,159,0,1
171,159,0,1
172,159,0,1
173,159,0,1
174,159,0,1
175,159,0,1
176,159,0,1
177,159,0,1
178,159,0,1
179,159,0,1
180,159,0,1
181,159,0,1
182,159,0,1
183,159,0,1
184,159,0,1
185,159,0,1
186,159,0,1
187,159,0,1
188,159,0,1
189,159,0,1
190,159,0,1
191,159,0,1
192,159,0,1
193,159,0,1
194,159,0,1
195,159,0,1
196,159,0,1
197,159,0,1
198,159,0,1
199,159,0,1
200,160,0,1
201,160,0,1
203,161,0,1
205,162,0,1
206,162,0,1
207,162,0,1
208,163,0,1
209,163,0,1
210,163,0,1
210,164,0,1
211,164,0,1
212,165,0,1
213,165,0,1
214,165,0,1
214,166,0,1
215,166,0,1
216,167,0,1
216,168,0,1
217,169,0,1
218,170,0,1
218,171,0,1
219,172,0,1
219,173,0,1
220,174,0,1
220,175,0,1
220,176,0,1
221,177,0,1
221,178,0,1
221,179,0,1
222,179,0,1
222,180,0,1
222,181,0,1
223,182,0,1
223,183,0,1
223,184,0,1
223,185,0,1
223,186,0,1
224,187,0,1
224,188,0,1
224,189,0,1
224,190,0,1
225,191,0,1
225,192,0,1
225,193,0,1
225,194,0,1
225,195,0,1
225,196,0,1
225,197,0,1
225,198,0,1
225,199,0,1
225,200,0,1
225,201,0,1
225,202,0,1
226,202,0,1
226,203,0,1
227,204,0,1
227,205,0,1
227,206,0,1
227,207,0,1
227,208,0,1
227,209,0,1
227,210,0,1
227,211,0,1
228,211,0,1
228,212,0,1
228,213,0,1
228,214,0,1
228,215,0,1
228,216,0,1
228,217,0,1
228,218,0,1
228,219,0,1
228,220,0,1
228,221,0,1
228,222,0,1
228,223,0,1
228,224,0,1
228,225,0,1
227,226,0,1
227,227,0,1
227,228,0,1
227,229,0,1
227,230,0,1
227,231,0,1
226,232,0,1
225,233,0,1
225,234,0,1
225,235,0,1
224,235,0,1
224,236,0,1
223,237,0,1
223,238,0,1
222,239,0,1
221,239,0,1
221,240,0,1
220,240,0,1
220,241,0,1
219,241,0,1
219,242,0,1
218,242,0,1
217,243,0,1
216,243,0,1
215,243,0,1
214,243,0,1
213,243,0,1
212,244,0,1
211,244,0,1
210,245,0,1
209,245,0,1
208,245,0,1
208,246,0,1
207,246,0,1
206,247,0,1
205,247,0,1
204,247,0,1
203,247,0,1
203,248,0,1
202,248,0,1
201,248,0,1
200,248,0,1
199,248,0,1
198,249,0,1
197,249,0,1
196,249,0,1
196,250,0,1
195,250,0,1
194,250,0,1
193,251,0,1
192,251,0,1
191,251,0,1
190,251,0,1
189,251,0,1
188,251,0,1
187,252,0,1
186,252,0,1
185,252,0,1
184,252,0,1
183,252,0,1
182,252,0,1
181,252,0,1
180,252,0,1
179,252,0,1
178,252,0,1
177,252,0,1
176,252,0,1
175,252,0,1
174,252,0,1
173,252,0,1
172,252,0,1
171,252,0,1
170,252,0,1
169,252,0,1
168,252,0,1
167,252,0,1
166,252,0,1
165,252,0,1
164,252,0,1
163,252,0,1
162,251,0,1
161,251,0,1
160,250,0,2
159,249,0,2
158,248,0,2
158,247,0,2
158,246,0,2
157,245,0,2
157,244,0,2
156,244,0,2
156,243,0,2
156,242,0,2
156,241,0,2
156,240,0,2
156,239,0,2
156,238,0,2
156,237,0,2
156,236,0,2
156,235,0,2
156,234,0,2
156,233,0,2
156,232,0,2
156,231,0,2
156,230,0,2
156,229,0,2
156,228,0,2
156,227,0,2
156,226,0,2
156,225,0,2
156,224,0,2
156,223,0,2
156,222,0,2
157,222,0,2
157,221,0,2
157,220,0,2
157,219,0,2
157,218,0,2
157,217,0,2
158,216,0,2
158,215,0,2
158,214,0,2
159,213,0,2
159,212,0,2
159,211,0,2
160,211,0,2
160,210,0,2
160,209,0,2
161,208,0,2
161,207,0,2
161,206,0,2
162,206,0,2
162,205,0,2
162,204,0,2
162,203,0,2
163,203,0,2
163,202,0,2
164,202,0,2
164,201,0,2
164,200,0,2
165,199,0,2
166,198,0,2
166,197,0,2
167,197,0,2
168,196,0,2
169,196,0,2
170,195,0,2
171,195,0,2
172,194,0,2
173,194,0,2
174,194,0,2
175,193,0,2
176,193,0,2
177,193,0,2
178,193,0,2
179,192,0,2
180,192,0,2
181,192,0,2
182,192,0,2
183,192,0,2
184,192,0,2
185,192,0,2
186,192,0,2
187,192,0,2
188,192,0,2
189,192,0,2
190,192,0,2
191,192,0,2
192,192,0,2
193,192,0,2
194,192,0,2
195,192,0,2
196,192,0,2
100,286,0,2
101,285,0,2
101,284,0,2
102,283,0,2
102,282,0,2
103,281,0,2
103,280,0,2
104,280,0,2
104,279,0,2
105,278,0,2
105,277,0,2
106,277,0,2
106,276,0,2
107,276,0,2
107,275,0,2
107,274,0,2
108,274,0,2
109,273,0,2
109,272,0,2
109,271,0,2
110,271,0,2
110,270,0,2
111,270,0,2
111,269,0,2
112,268,0,2
113,267,0,2
114,266,0,2
115,265,0,2
115,264,0,2
116,264,0,2
116,263,0,2
117,263,0,2
117,262,0,2
118,262,0,2
118,261,0,2
118,260,0,2
119,260,0,2
119,259,0,2
119,258,0,2
120,258,0,2
120,257,0,2
121,257,0,2
121,256,0,2
122,256,0,2
122,255,0,2
122,254,0,2
123,254,0,2
123,253,0,2
124,252,0,2
125,252,0,2
125,251,0,2
126,250,0,2
127,249,0,2
127,248,0,2
128,247,0,2
129,246,0,2
130,245,0,2
131,244,0,2
131,243,0,2
132,242,0,2
133,241,0,2
134,240,0,2
134,239,0,2
135,238,0,2
136,237,0,2
137,237,0,2
137,235,0,2
138,235,0,2
138,234,0,2
139,233,0,2
140,232,0,2
140,231,0,2
141,231,0,2
141,230,0,2
142,230,0,2
142,229,0,2
143,228,0,2
144,227,0,2
145,226,0,2
145,225,0,2
146,224,0,2
146,223,0,2
147,223,0,2
148,222,0,2
148,221,0,2
149,221,0,2
149,220,0,2
149,219,0,2
150,218,0,2
151,217,0,2
152,216,0,2
152,215,0,2
153,214,0,2
153,213,0,2
154,213,0,2
155,212,0,2
155,211,0,2
156,211,0,2
156,210,0,2
157,209,0,2
157,208,0,2
158,207,0,2
159,207,0,2
159,206,0,2
160,205,0,2
161,204,0,2
161,203,0,2
162,202,0,2
163,202,0,2
163,201,0,2
164,200,0,2
165,199,0,2
166,198,0,2
166,197,0,2
167,196,0,2
168,195,0,2
168,194,0,2
169,193,0,2
170,192,0,2
170,190,0,2
171,190,0,2
171,189,0,2
172,189,0,2
172,188,0,2
172,187,0,2
173,186,0,2
174,185,0,2
175,184,0,2
175,183,0,2
176,182,0,2
177,181,0,2
177,180,0,2
178,179,0,2
178,178,0,2
179,178,0,2
179,177,0,2
180,176,0,2
181,176,0,2
181,175,0,2
182,174,0,2
182,173,0,2
183,172,0,2
184,171,0,2
184,170,0,2
185,169,0,2
186,168,0,2
186,167,0,2
187,166,0,2
188,165,0,2
189,163,0,2
190,162,0,2
190,161,0,2
191,161,0,2
192,160,0,2
192,159,0,2
193,158,0,2
193,157,0,2
194,157,0,2
195,156,0,2
195,155,0,2
196,154,0,2
196,153,0,2
196,152,0,2
197,152,0,2
197,151,0,2
198,151,0,2
198,150,0,2
199,150,0,2
199,149,0,2
199,148,0,2
200,148,0,2
200,147,0,2
200,146,0,2
201,146,0,2
201,145,0,2
201,144,0,2
202,143,0,2
202,142,0,2
203,142,0,2
203,143,0,2
203,144,0,2
203,145,0,2
204,146,0,2
204,149,0,2
204,150,0,2
204,151,0,2
204,152,0,2
205,152,0,2
205,154,0,2
206,155,0,2
206,156,0,2
206,157,0,2
206,158,0,2
206,159,0,2
206,160,0,2
207,162,0,2
207,163,0,2
207,164,0,2
207,165,0,2
207,166,0,2
208,168,0,2
208,169,0,2
208,170,0,2
208,172,0,2
208,174,0,2
208,175,0,2
208,177,0,2
208,178,0,2
208,179,0,2
208,180,0,2
208,181,0,2
208,182,0,2
209,183,0,2
209,184,0,2
209,185,0,2
210,186,0,2
210,187,0,2
210,188,0,2
210,189,0,3
210,190,0,3
210,191,0,3
211,192,0,3
211,193,0,3
211,195,0,3
211,196,0,3
211,197,0,3
211,198,0,3
212,199,0,3
212,201,0,3
212,202,0,3
213,204,0,3
213,205,0,3
213,206,0,3
214,208,0,3
214,209,0,3
215,211,0,3
215,212,0,3
215,213,0,3
215,215,0,3
215,218,0,3
215,219,0,3
215,220,0,3
216,222,0,3
216,224,0,3
216,225,0,3
216,226,0,3
216,228,0,3
216,229,0,3
217,230,0,3
217,232,0,3
217,233,0,3
217,235,0,3
217,236,0,3
217,237,0,3
217,238,0,3
217,240,0,3
217,241,0,3
217,242,0,3
217,243,0,3
217,244,0,3
217,245,0,3
217,246,0,3
217,247,0,3
217,248,0,3
218,249,0,3
218,250,0,3
218,251,0,3
219,251,0,3
219,252,0,4
220,252,0,4
220,253,0,4
221,255,0,4
222,255,0,4
222,256,0,4
223,257,0,4
223,258,0,4
223,259,0,4
224,259,0,4
224,260,0,4
225,261,0,4
225,262,0,4
226,262,0,4
226,263,0,4
227,264,0,4
227,265,0,4
227,266,0,4
228,266,0,4
228,267,0,4
229,268,0,4
230,268,0,4
230,269,0,4
231,270,0,4
231,271,0,4
232,271,0,4
232,272,0,4
233,272,0,4
233,273,0,4
234,273,0,4
234,274,0,4
234,275,0,4
235,276,0,4
235,277,0,4
236,278,0,4
236,279,0,4
237,280,0,4
238,281,0,4
238,282,0,4
239,283,0,4
239,284,0,4
239,285,0,4
240,286,0,4
240,287,0,4
241,287,0,4
241,288,0,4
242,289,0,4
242,290,0,4
242,291,0,4
243,292,0,4
243,293,0,4
243,294,0,4
368,199,0,4
368,200,0,4
368,201,0,4
368,202,0,4
367,202,0,4
367,203,0,4
367,204,0,4
367,205,0,4
367,207,0,4
367,208,0,4
367,209,0,4
367,210,0,4
367,211,0,4
367,212,0,4
367,213,0,4
367,214,0,4
367,215,0,4
367,216,0,4
367,217,0,4
367,218,0,4
367,219,0,4
367,220,0,4
367,221,0,4
367,222,0,4
367,223,0,4
367,225,0,4
367,226,0,4
367,227,0,4
367,228,0,4
367,229,0,4
367,230,0,4
367,231,0,4
367,232,0,4
367,233,0,4
367,234,0,4
366,234,0,4
366,235,0,4
366,236,0,4
366,237,0,4
366,238,0,4
366,239,0,4
366,240,0,4
366,241,0,4
365,242,0,4
365,243,0,4
365,244,0,4
365,245,0,4
365,246,0,4
365,247,0,4
365,248,0,4
365,249,0,4
364,250,0,4
364,251,0,4
364,252,0,4
364,253,0,4
364,254,0,4
364,255,0,4
364,256,0,4
364,257,0,4
363,258,0,4
363,259,0,4
363,260,0,4
363,261,0,4
363,262,0,4
363,263,0,4
363,264,0,4
362,265,0,4
362,266,0,4
362,267,0,4
362,268,0,4
362,269,0,4
361,271,0,4
361,272,0,4
361,273,0,4
361,274,0,4
361,275,0,4
361,276,0,4
361,277,0,4
361,278,0,4
361,279,0,4
361,281,0,4
361,282,0,4
361,283,0,4
361,285,0,4
361,286,0,4
361,287,0,4
361,288,0,4
361,289,0,4
361,290,0,4
361,291,0,4
361,292,0,4
361,293,0,4
361,294,0,4
361,295,0,4
361,296,0,4
361,297,0,4
361,298,0,4
361,299,0,4
361,301,0,4
361,302,0,4
361,303,0,4
361,304,0,4
361,305,0,4
361,306,0,4
361,307,0,4
361,308,0,4
361,309,0,4
361,310,0,4
361,311,0,4
361,312,0,4
361,313,0,4
361,314,0,4
361,315,0,4
361,316,0,4
360,316,0,4
360,317,0,4
360,318,0,4
360,319,0,4
360,320,0,4
360,321,0,4
360,322,0,4
360,323,0,4
360,324,0,4
360,325,0,4
360,326,0,4
360,327,0,4
360,328,0,4
360,329,0,4
360,330,0,4
360,331,0,4
360,332,0,4
360,333,0,4
360,334,0,4
360,335,0,4
360,336,0,4
360,337,0,4
360,338,0,4
360,339,0,4
360,340,0,4
360,341,0,4
360,342,0,4
360,343,0,4
360,344,0,4
360,345,0,4
360,346,0,4
360,347,0,4
360,348,0,4
360,349,0,4
360,350,0,4
360,351,0,4
360,352,0,4
360,353,0,4
360,354,0,4
360,355,0,4
360,356,0,4
360,357,0,4
360,358,0,4
359,358,0,4
359,359,0,4
358,359,0,4
357,359,0,4
355,359,0,4
354,359,0,4
353,359,0,4
352,359,0,4
351,359,0,4
350,359,0,4
349,359,0,4
348,359,0,4
347,359,0,4
345,359,0,4
344,359,0,4
342,359,0,4
341,359,0,4
340,359,0,4
339,359,0,4
338,359,0,4
336,359,0,4
335,359,0,4
334,359,0,4
333,359,0,4
332,359,0,4
331,359,0,4
330,359,0,4
329,359,0,4
328,359,0,4
327,359,0,4
326,359,0,4
325,359,0,4
324,359,0,4
323,359,0,4
322,359,0,4
321,359,0,4
320,359,0,4
319,359,0,4
318,359,0,4
317,359,0,4
316,359,0,4
315,359,0,4
314,359,0,4
313,359,0,4
311,359,0,4
310,359,0,4
309,359,0,4
308,359,0,4
307,359,0,4
307,360,0,4
306,360,0,4
305,361,0,4
304,361,0,4
303,361,0,4
302,361,0,4
302,362,0,4
301,362,0,4
300,362,0,4
299,362,0,4
298,362,0,4
297,363,0,4
295,363,0,4
294,363,0,4
293,363,0,4
292,364,0,4
291,364,0,4
290,364,0,4
289,364,0,4
288,365,0,4
287,365,0,4
286,365,0,4
285,366,0,4
284,366,0,4
283,366,0,4
282,366,0,4
281,366,0,4
280,366,0,4
279,366,0,4
278,366,0,4
277,366,0,4
276,366,0,4
275,366,0,4
274,366,0,4
273,366,0,4
272,366,0,4
271,366,0,4
270,366,0,4
269,366,0,4
268,366,0,4
267,366,0,4
266,366,0,4
265,366,0,4
264,366,0,4
263,366,0,4
262,366,0,4
261,366,0,4
260,366,0,4
259,366,0,4
258,366,0,4
257,366,0,4
256,366,0,4
255,366,0,4
254,366,0,4
253,366,0,4
252,366,0,4
251,366,0,4
250,366,0,4
249,366,0,4
248,366,0,4
247,366,0,4
246,366,0,4
245,365,0,4
244,365,0,4
243,365,0,4
242,365,0,4
241,365,0,4
240,365,0,4
239,365,0,4
238,365,0,4
237,365,0,4
236,365,0,4
235,365,0,4
234,365,0,4
233,365,0,4
232,365,0,4
231,365,0,4
230,365,0,4
229,365,0,4
228,365,0,4
227,365,0,4
226,365,0,4
225,365,0,4
224,365,0,4
223,365,0,4
222,365,0,4
221,365,0,4
220,365,0,4
219,365,0,4
218,365,0,4
217,365,0,4
216,365,0,4
215,365,0,4
214,365,0,4
212,365,0,4
211,365,0,4
210,365,0,4
208,365,0,4
207,365,0,4
205,365,0,4
204,365,0,4
202,366,0,4
201,366,0,4
200,366,0,4
199,366,0,4
198,366,0,4
197,366,0,4
196,366,0,4
195,366,0,4
194,366,0,4
193,366,0,4
192,366,0,4
191,366,0,4
189,366,0,4
188,366,0,4
187,366,0,4
185,366,0,4
184,366,0,4
183,366,0,4
182,366,0,4
181,366,0,4
180,366,0,4
179,366,0,4
178,366,0,4
177,366,0,4
176,366,0,4
175,366,0,4
173,366,0,4
172,366,0,4
171,366,0,4
170,366,0,4
169,366,0,4
168,366,0,4
167,366,0,4
166,366,0,4
165,366,0,4
164,366,0,4
163,366,0,4
162,366,0,4
161,366,0,4
160,366,0,4
159,366,0,4
158,366,0,4
157,366,0,4
156,366,0,4
155,366,0,4
154,366,0,4
153,366,0,4
153,365,0,4
152,365,0,4
151,365,0,4
150,365,0,4
149,365,0,4
148,365,0,4
147,365,0,4
146,365,0,4
145,365,0,4
144,365,0,4
143,365,0,4
142,365,0,4
141,365,0,4
140,365,0,4
139,365,0,4
138,365,0,4
137,365,0,4
136,365,0,4
135,365,0,4
134,365,0,4
133,365,0,4
132,365,0,4
131,365,0,4
130,365,0,4
129,365,0,4
128,365,0,4
127,365,0,4
126,365,0,4
125,365,0,4
124,365,0,4
123,365,0,4
122,365,0,4
121,365,0,4
120,365,0,4
119,365,0,4
118,365,0,4
117,365,0,4
116,365,0,4
115,365,0,4
114,365,0,4
113,365,0,4
112,365,0,4
111,365,0,4
110,365,0,4
109,365,0,4
108,365,0,4
107,365,0,4
106,365,0,4
105,365,0,4
104,365,0,4
103,365,0,4
102,365,0,4
101,365,0,4
100,365,0,4
99,365,0,4
98,365,0,4
97,365,0,4
96,365,0,4
95,365,0,4
94,365,0,4
93,365,0,4
92,365,0,4
91,365,0,4
90,365,0,4
89,365,0,4
88,365,0,4
87,365,0,4
86,365,0,4
85,365,0,4
84,365,0,4
83,365,0,4
82,365,0,4
81,365,0,4
80,365,0,4
79,365,0,4
78,365,0,4
77,365,0,4
76,365,0,4
75,365,0,4
74,365,0,4
73,365,0,4
72,365,0,4
71,365,0,4
70,365,0,4
69,365,0,4
68,365,0,4
67,365,0,4
66,365,0,4
65,365,0,4
64,365,0,4
63,365,0,4
62,365,0,4
61,365,0,4
60,365,0,4
59,365,0,4
58,365,0,4
57,365,0,4
56,365,0,4
55,365,0,4
54,365,0,4
53,365,0,4
52,365,0,4
51,365,0,4
50,365,0,4
49,365,0,4
48,364,0,4
47,363,0,4
47,362,0,4
47,361,0,4
46,361,0,4
46,360,0,4
45,359,0,4
45,358,0,4
45,357,0,4
44,357,0,4
44,356,0,4
44,355,0,4
44,354,0,4
44,353,0,4
43,352,0,4
43,351,0,4
43,350,0,4
43,349,0,4
43,348,0,4
43,347,0,4
42,347,0,4
42,346,0,4
42,345,0,4
42,344,0,4
42,343,0,4
42,342,0,4
42,341,0,4
42,340,0,4
42,339,0,4
42,338,0,4
42,337,0,4
42,336,0,4
42,335,0,4
42,334,0,4
42,333,0,4
42,332,0,4
42,331,0,4
42,330,0,4
42,329,0,4
42,328,0,4
42,327,0,4
42,326,0,4
42,325,0,4
42,324,0,4
42,323,0,4
42,322,0,4
42,320,0,4
42,319,0,4
42,318,0,4
42,317,0,4
42,316,0,4
42,315,0,4
42,314,0,4
42,313,0,4
42,312,0,4
42,311,0,4
42,310,0,4
42,309,0,4
42,308,0,4
42,307,0,4
42,306,0,4
42,305,0,4
42,304,0,4
42,303,0,4
42,302,0,4
42,301,0,4
42,300,0,4
42,299,0,4
42,298,0,4
42,297,0,4
42,296,0,4
42,295,0,4
42,294,0,4
42,293,0,4
42,292,0,4
42,291,0,4
42,290,0,4
42,289,0,4
42,288,0,4
42,287,0,4
42,286,0,4
42,285,0,4
42,284,0,4
42,283,0,4
42,282,0,4
42,281,0,4
42,280,0,4
42,279,0,4
42,278,0,4
42,277,0,4
42,276,0,4
42,274,0,4
42,271,0,4
42,269,0,4
42,266,0,4
42,265,0,4
42,264,0,4
42,263,0,4
42,262,0,4
42,261,0,4
42,260,0,4
42,259,0,4
42,258,0,4
42,257,0,4
42,256,0,4
42,255,0,4
42,254,0,4
42,253,0,4
42,252,0,4
42,251,0,4
42,250,0,4
42,248,0,4
42,247,0,4
42,246,0,4
42,245,0,4
42,244,0,4
42,243,0,4
42,242,0,4
42,241,0,4
42,240,0,4
42,239,0,4
42,238,0,4
42,236,0,4
42,235,0,4
42,234,0,4
42,233,0,4
42,232,0,4
42,231,0,4
42,230,0,4
41,229,0,4
41,228,0,4
41,227,0,4
41,226,0,4
41,225,0,4
41,224,0,4
41,223,0,4
41,222,0,4
41,221,0,4
41,220,0,4
41,219,0,4
41,218,0,4
41,217,0,4
41,216,0,4
41,215,0,4
41,214,0,4
41,213,0,4
41,212,0,4
41,211,0,4
41,210,0,4
41,209,0,4
41,208,0,4
41,207,0,4
41,206,0,4
41,205,0,4
41,204,0,4
41,203,0,4
41,202,0,4
41,201,0,4
41,200,0,4
41,199,0,4
41,198,0,4
41,197,0,4
41,196,0,4
41,195,0,4
41,193,0,4
41,192,0,4
41,191,0,4
41,190,0,4
41,189,0,4
41,188,0,4
41,187,0,4
41,186,0,4
41,185,0,4
41,184,0,5
41,183,0,5
41,182,0,5
41,181,0,5
41,180,0,5
41,179,0,5
41,178,0,5
41,177,0,5
41,176,0,5
41,175,0,5
41,174,0,5
41,173,0,5
41,172,0,5
41,171,0,5
41,170,0,5
41,169,0,5
41,168,0,5
41,167,0,5
41,166,0,5
41,165,0,5
41,164,0,5
41,163,0,5
41,162,0,5
41,161,0,5
41,160,0,5
41,159,0,5
41,158,0,5
41,157,0,5
41,156,0,5
41,155,0,5
41,154,0,5
41,153,0,5
41,152,0,5
41,151,0,5
41,150,0,5
41,149,0,5
41,148,0,5
41,147,0,5
41,146,0,5
41,145,0,5
41,144,0,5
41,143,0,5
41,142,0,5
41,141,0,5
41,140,0,5
41,139,0,5
41,138,0,5
41,137,0,5
41,136,0,5
41,134,0,5
41,133,0,5
41,132,0,5
41,131,0,5
41,130,0,5
41,129,0,5
41,128,0,5
41,127,0,5
41,126,0,5
41,125,0,5
41,124,0,5
41,123,0,5
41,122,0,5
41,121,0,5
41,120,0,5
41,119,0,5
41,118,0,5
41,117,0,5
41,116,0,5
41,115,0,5
41,114,0,5
41,113,0,5
41,112,0,5
41,111,0,5
41,110,0,5
41,109,0,5
41,108,0,5
41,107,0,5
41,106,0,5
41,105,0,5
41,104,0,5
41,103,0,5
41,102,0,5
41,101,0,5
41,100,0,5
41,99,0,5
41,98,0,5
41,97,0,5
41,96,0,5
41,95,0,5
41,94,0,5
41,93,0,5
41,92,0,5
41,91,0,5
41,90,0,5
41,89,0,5
41,88,0,5
40,88,0,5
40,87,0,5
40,86,0,5
40,85,0,5
40,84,0,5
40,83,0,5
40,82,0,5
40,81,0,5
40,80,0,5
40,79,0,5
40,78,0,5
40,77,0,5
40,76,0,5
40,75,0,5
40,74,0,5
40,73,0,5
40,72,0,5
39,71,0,5
39,70,0,5
39,69,0,5
39,68,0,5
39,67,0,5
39,66,0,5
39,65,0,5
39,64,0,5
39,63,0,5
39,62,0,5
39,61,0,5
39,60,0,5
39,59,0,5
39,58,0,5
39,57,0,5
39,56,0,5
39,55,0,5
39,54,0,5
39,53,0,5
39,52,0,5
39,51,0,5
39,50,0,5
39,49,0,5
39,48,0,5
39,47,0,5
39,46,0,5
39,45,0,5
39,44,0,5
39,43,0,5
39,42,0,5
39,41,0,5
39,40,0,5
39,39,0,5
39,38,0,5
39,37,0,5
39,36,0,5
39,35,0,5
39,34,0,5
39,33,0,5
40,32,0,5
40,31,0,5
40,30,0,5
40,29,0,5
40,28,0,5
41,27,0,5
42,27,0,5
42,26,0,5
43,26,0,5
43,25,0,5
44,24,0,5
44,23,0,5
45,23,0,5
46,23,0,5
47,22,0,5
48,22,0,5
49,21,0,5
50,21,0,5
51,20,0,5
52,20,0,5
53,20,0,5
54,20,0,5
55,20,0,5
56,20,0,5
57,20,0,5
58,20,0,5
59,20,0,5
60,20,0,5
61,20,0,5
62,20,0,5
63,20,0,5
64,20,0,5
65,20,0,5
66,20,0,5
67,20,0,5
68,20,0,5
69,20,0,5
70,20,0,5
71,20,0,5
72,20,0,5
73,20,0,5
74,20,0,5
75,20,0,5
76,20,0,5
77,20,0,5
78,20,0,5
79,20,0,5
80,20,0,5
81,20,0,5
82,20,0,5
83,20,0,5
84,20,0,5
85,20,0,5
86,20,0,5
87,20,0,5
88,20,0,5
89,20,0,5
90,20,0,5
91,20,0,5
92,20,0,5
94,20,0,5
95,20,0,5
96,20,0,5
97,20,0,5
98,20,0,5
100,20,0,5
101,20,0,5
102,20,0,5
103,21,0,5
104,21,0,5
105,21,0,5
107,21,0,5
108,21,0,5
109,21,0,5
111,22,0,5
112,22,0,5
114,22,0,5
115,22,0,5
117,22,0,5
119,23,0,5
120,23,0,5
122,23,0,5
123,23,0,5
124,23,0,5
126,23,0,5
127,24,0,5
128,24,0,5
130,24,0,5
131,24,0,5
132,24,0,5
133,24,0,5
134,24,0,5
135,24,0,5
137,24,0,5
138,24,0,5
139,24,0,5
140,24,0,5
142,24,0,5
144,24,0,5
145,25,0,5
146,25,0,5
148,25,0,5
149,25,0,5
150,25,0,5
152,25,0,5
153,25,0,5
154,25,0,5
155,25,0,5
156,25,0,5
157,25,0,5
158,25,0,5
160,25,0,5
162,26,0,5
163,26,0,5
165,26,0,5
166,26,0,5
167,26,0,5
168,26,0,5
169,26,0,5
170,26,0,5
171,26,0,5
172,26,0,5
173,26,0,5
174,26,0,5
175,26,0,5
176,26,0,5
177,26,0,5
178,26,0,5
179,26,0,5
180,26,0,5
182,26,0,5
183,26,0,5
184,26,0,5
185,26,0,5
186,26,0,5
187,26,0,5
188,26,0,5
189,26,0,5
190,26,0,5
191,26,0,5
192,26,0,5
193,26,0,5
194,26,0,5
195,26,0,5
196,26,0,5
197,26,0,5
198,26,0,5
199,26,0,5
200,26,0,5
201,26,0,5
202,26,0,5
203,26,0,5
204,26,0,5
205,26,0,5
206,26,0,5
207,26,0,5
208,26,0,5
209,26,0,5
210,26,0,5
212,26,0,5
213,26,0,5
214,26,0,5
215,26,0,5
216,26,0,5
217,26,0,5
218,26,0,5
219,26,0,5
220,26,0,5
221,26,0,5
222,26,0,5
223,26,0,5
224,26,0,5
225,26,0,5
226,26,0,5
227,26,0,5
228,26,0,5
229,26,0,5
230,26,0,5
231,26,0,5
232,26,0,5
233,26,0,5
234,26,0,5
235,26,0,5
236,26,0,5
238,26,0,5
239,26,0,5
240,26,0,5
241,26,0,5
242,26,0,5
243,26,0,5
244,26,0,5
245,26,0,5
246,26,0,5
247,26,0,5
248,26,0,5
249,26,0,5
250,26,0,5
251,26,0,5
252,26,0,5
253,26,0,5
254,26,0,5
255,26,0,5
256,26,0,5
257,26,0,5
257,25,0,5
258,25,0,5
259,25,0,5
260,25,0,5
261,25,0,5
262,25,0,5
263,25,0,5
264,25,0,5
265,25,0,5
266,25,0,5
267,25,0,5
268,25,0,5
269,25,0,5
270,25,0,5
271,25,0,5
272,25,0,5
273,25,0,5
274,25,0,5
275,25,0,5
276,25,0,5
277,25,0,5
278,25,0,5
279,25,0,5
280,25,0,5
281,25,0,5
282,25,0,5
283,25,0,5
284,25,0,5
285,25,0,5
286,25,0,5
287,25,0,5
288,25,0,5
289,25,0,5
291,25,0,5
292,25,0,5
293,25,0,5
294,25,0,5
295,25,0,5
296,25,0,5
297,25,0,5
298,25,0,5
299,25,0,5
300,25,0,5
301,25,0,5
302,25,0,5
303,25,0,5
304,25,0,5
305,25,0,5
307,25,0,5
308,25,0,5
310,25,0,5
311,25,0,5
313,25,0,5
314,25,0,5
315,25,0,5
316,25,0,5
317,25,0,5
318,25,0,5
319,25,0,5
320,25,0,5
322,25,0,5
323,25,0,5
324,25,0,5
325,25,0,5
326,25,0,5
327,25,0,5
328,25,0,5
329,25,0,5
330,25,0,5
331,26,0,5
332,26,0,5
333,26,0,5
334,26,0,5
335,27,0,5
336,27,0,5
337,27,0,5
338,27,0,5
339,27,0,5
340,27,0,5
341,27,0,5
342,27,0,5
343,27,0,5
344,27,0,5
345,27,0,5
346,27,0,5
347,27,0,5
348,27,0,5
349,27,0,5
350,27,0,5
351,27,0,5
116,153,0,5
120,154,0,5
123,154,0,5
129,155,0,5
132,156,0,5
135,157,0,5
139,158,0,5
141,158,0,5
145,161,0,5
146,162,0,5
149,162,0,5
149,163,0,5
152,165,0,5
153,166,0,5
155,168,0,5
156,170,0,5
157,170,0,5
160,172,0,5
161,173,0,5
161,174,0,5
162,176,0,5
164,177,0,5
165,178,0,5
166,178,0,5
168,179,0,5
169,182,0,5
170,182,0,5
171,183,0,5
173,183,0,5
174,184,0,5
174,185,0,5
176,186,0,5
177,186,0,5
180,187,0,5
181,188,0,5
181,189,0,5
183,190,0,5
185,190,0,5
186,190,0,5
187,190,0,5
188,191,0,5
189,192,0,6
190,192,0,6
192,193,0,6
193,193,0,6
193,194,0,6
194,195,0,6
196,195,0,6
197,195,0,6
197,196,0,6
198,196,0,6
199,197,0,6
200,197,0,6
200,198,0,6
201,198,0,6
201,199,0,6
199,200,0,6
197,200,0,6
196,201,0,6
193,201,0,6
191,201,0,6
188,201,0,6
185,202,0,6
181,202,0,6
176,202,0,6
172,202,0,6
165,203,0,6
162,204,0,6
158,206,0,6
154,207,0,6
151,209,0,6
146,210,0,6
145,210,0,6
142,211,0,6
140,212,0,6
137,213,0,6
136,214,0,6
133,214,0,6
132,214,0,6
129,216,0,6
126,216,0,6
125,216,0,6
124,216,0,6
124,215,0,6
123,215,0,6
121,215,0,6
119,214,0,6
118,214,0,6
117,214,0,6
116,214,0,6
115,214,0,6
113,214,0,6
112,214,0,6
111,214,0,6
109,214,0,6
107,214,0,6
105,214,0,6
104,214,0,6
102,215,0,6
101,215,0,6
100,215,0,6
99,215,0,6
98,215,0,6
97,216,0,6
95,216,0,6
94,216,0,6
93,216,0,6
92,216,0,6
90,216,0,6
89,216,0,6
86,217,0,6
83,218,0,6
82,218,0,6
80,218,0,6
78,219,0,6
77,219,0,6
75,219,0,6
74,219,0,6
73,219,0,6
73,220,0,6
72,220,0,6
70,220,0,6
69,220,0,6
68,219,0,6
67,218,0,6
66,218,0,6
65,218,0,6
64,218,0,6
62,218,0,6
61,218,0,6
60,218,0,6
58,218,0,6
57,218,0,6
55,218,0,6
54,218,0,6
53,218,0,6
52,218,0,6
51,218,0,6
50,218,0,6
49,218,0,6
48,218,0,6
177,179,0,6
174,179,0,6
170,179,0,6
166,179,0,6
162,179,0,6
158,179,0,6
155,179,0,6
152,179,0,6
148,179,0,6
145,179,0,6
142,179,0,6
140,179,0,6
139,179,0,6
137,179,0,6
134,179,0,6
134,178,0,6
133,178,0,6
132,177,0,6
131,176,0,6
130,175,0,6
130,174,0,6
129,173,0,6
128,172,0,6
127,171,0,6
127,170,0,6
126,170,0,6
125,169,0,6
125,167,0,6
125,166,0,6
125,165,0,6
124,163,0,6
122,162,0,6
122,159,0,6
121,158,0,6
121,156,0,6
121,154,0,6
121,152,0,6
120,151,0,6
120,150,0,6
120,149,0,6
120,148,0,6
120,147,0,6
120,146,0,6
120,145,0,6
120,143,0,6
120,142,0,6
120,141,0,6
120,139,0,6
120,138,0,6
121,135,0,6
121,134,0,6
121,130,0,6
123,126,0,6
123,124,0,6
124,121,0,6
125,116,0,6
125,114,0,6
125,112,0,6
126,109,0,6
127,107,0,6
128,105,0,6
129,104,0,6
129,102,0,6
131,101,0,6
131,100,0,6
132,99,0,6
133,99,0,6
133,98,0,6
134,98,0,6
136,98,0,6
137,97,0,6
138,97,0,6
139,97,0,6
141,96,0,6
142,96,0,6
144,96,0,6
146,96,0,6
148,96,0,6
151,96,0,6
153,96,0,6
154,96,0,6
157,96,0,6
160,96,0,6
161,96,0,6
162,96,0,6
164,96,0,6
165,97,0,6
166,98,0,6
167,98,0,6
168,98,0,6
169,98,0,6
170,99,0,6
171,99,0,6
172,99,0,6
173,100,0,6
173,101,0,6
174,102,0,6
175,103,0,6
176,105,0,6
176,106,0,6
177,106,0,6
177,108,0,6
178,111,0,6
179,114,0,6
179,117,0,6
179,118,0,6
179,119,0,6
179,121,0,6
179,122,0,6
179,124,0,6
179,125,0,6
179,126,0,6
180,128,0,6
180,129,0,6
180,130,0,6
180,131,0,6
180,132,0,6
181,133,0,6
181,134,0,6
181,136,0,6
181,137,0,6
181,138,0,6
182,139,0,6
182,140,0,6
182,142,0,6
182,143,0,6
182,144,0,6
182,145,0,6
182,146,0,6
182,148,0,6
182,149,0,6
183,150,0,6
183,151,0,6
183,152,0,6
183,154,0,6
184,156,0,6
184,157,0,7
184,158,0,7
184,159,0,7
185,162,0,7
185,163,0,7
185,164,0,7
185,166,0,7
185,167,0,7
185,169,0,7
185,170,0,7
185,172,0,7
185,173,0,7
185,174,0,7
185,176,0,7
185,177,0,8
185,179,0,8
185,181,0,8
185,182,0,8
185,183,0,8
185,186,0,8
185,187,0,8
185,190,0,8
185,193,0,8
185,194,0,8
185,196,0,8
186,198,0,8
186,199,0,8
186,200,0,8
186,202,0,8
186,203,0,8
186,204,0,8
188,206,0,8
188,207,0,8
188,208,0,8
188,210,0,8
188,211,0,8
189,213,0,8
189,215,0,8
189,217,0,8
189,218,0,8
189,221,0,8
189,223,0,8
189,224,0,8
189,226,0,8
190,228,0,8
190,230,0,8
191,232,0,8
191,234,0,8
192,236,0,8
192,237,0,8
192,238,0,8
193,242,0,8
193,243,0,8
193,244,0,8
193,246,0,8
193,247,0,8
193,248,0,8
193,250,0,8
193,252,0,8
193,253,0,8
193,255,0,8
195,257,0,8
195,258,0,8
196,260,0,8
196,262,0,8
196,263,0,8
197,265,0,8
197,266,0,8
197,270,0,8
197,271,0,8
197,273,0,8
197,274,0,8
197,276,0,8
197,277,0,8
198,277,0,8
198,278,0,8
198,279,0,8
198,282,0,8
199,282,0,8
199,283,0,8
192,172,0,8
192,171,0,8
193,170,0,8
194,169,0,8
195,167,0,8
197,165,0,8
198,164,0,8
199,163,0,8
200,162,0,8
201,161,0,8
202,159,0,8
202,158,0,8
203,158,0,8
205,158,0,8
205,157,0,8
206,156,0,8
206,155,0,8
207,154,0,8
208,154,0,8
209,153,0,8
209,152,0,8
210,152,0,8
211,152,0,8
211,151,0,8
211,150,0,8
213,150,0,8
214,146,0,8
217,143,0,8
221,139,0,8
222,134,0,8
223,133,0,8
224,130,0,8
225,130,0,8
225,129,0,8
225,127,0,8
225,126,0,8
225,125,0,8
224,125,0,8
223,124,0,8
222,122,0,8
221,121,0,8
218,121,0,8
217,120,0,8
217,118,0,8
215,118,0,8
214,117,0,8
213,117,0,8
212,116,0,8
211,115,0,8
210,114,0,8
209,114,0,8
208,114,0,8
208,113,0,8
206,113,0,8
206,112,0,8
205,112,0,8
204,112,0,8
203,112,0,8
202,112,0,8
201,112,0,8
200,112,0,8
199,112,0,8
198,112,0,8
197,112,0,8
196,112,0,8
194,112,0,8
193,112,0,8
192,112,0,8
190,112,0,8
189,112,0,8
187,113,0,8
186,113,0,8
185,113,0,8
185,114,0,8
183,114,0,8
182,114,0,8
181,114,0,8
180,115,0,8
179,115,0,8
179,117,0,8
178,117,0,8
177,118,0,8
175,120,0,8
174,120,0,8
173,122,0,8
173,124,0,8
171,126,0,8
169,126,0,8
169,128,0,8
169,129,0,8
168,130,0,8
168,131,0,8
168,132,0,8
167,133,0,8
166,134,0,8
166,135,0,8
165,135,0,8
165,137,0,8
165,138,0,8
165,139,0,8
165,140,0,8
165,141,0,8
165,142,0,8
165,143,0,8
165,145,0,8
165,146,0,8
165,147,0,8
165,149,0,8
165,150,0,8
165,153,0,8
165,154,0,8
165,156,0,8
166,158,0,8
167,161,0,8
168,162,0,8
168,164,0,8
169,166,0,8
169,167,0,8
171,169,0,8
171,170,0,8
173,171,0,8
173,172,0,8
174,174,0,8
174,175,0,8
175,176,0,8
176,177,0,8
177,178,0,8
178,178,0,8
180,180,0,8
181,182,0,8
185,183,0,8
186,184,0,8
187,185,0,8
189,185,0,8
192,186,0,8
193,186,0,8
194,187,0,8
196,187,0,8
197,189,0,8
197,190,0,8
199,190,0,8
201,190,0,8
201,191,0,8
203,192,0,8
204,193,0,8
205,193,0,8
206,194,0,8
206,195,0,8
207,195,0,8
208,196,0,8
209,197,0,8
211,198,0,8
212,199,0,8
213,199,0,8
214,201,0,8
217,202,0,8
219,204,0,8
221,205,0,8
224,206,0,8
226,207,0,8
227,208,0,8
229,210,0,8
231,210,0,8
233,211,0,8
233,212,0,8
235,213,0,8
237,213,0,8
237,214,0,8
238,214,0,8
240,215,0,8
241,217,0,8
242,217,0,8
243,218,0,8
245,218,0,8
246,219,0,8
248,220,0,8
249,221,0,8
250,221,0,8
251,221,0,8
253,222,0,8
254,222,0,8
257,224,0,8
257,225,0,8
260,226,0,8
261,226,0,8
263,226,0,8
265,227,0,8
268,228,0,8
269,229,0,8
272,231,0,8
274,232,0,8
276,234,0,8
277,234,0,8
279,235,0,8
279,236,0,8
281,237,0,8
282,238,0,8
284,239,0,8
284,240,0,8
285,242,0,8
286,242,0,8
288,243,0,8
289,246,0,8
290,246,0,8
292,248,0,8
293,249,0,8
295,250,0,8
296,250,0,8
297,251,0,8
298,251,0,8
299,251,0,8
299,252,0,8
181,243,0,8
183,243,0,8
184,243,0,8
185,244,0,8
187,245,0,8
189,245,0,8
190,245,0,8
193,246,0,8
196,246,0,8
197,246,0,8
201,246,0,8
203,246,0,8
205,246,0,8
208,246,0,8
210,246,0,8
211,246,0,8
213,246,0,8
215,246,0,8
217,246,0,8
218,246,0,8
220,246,0,8
221,246,0,8
222,246,0,8
223,246,0,8
224,245,0,8
225,245,0,8
225,244,0,8
226,244,0,8
227,243,0,8
228,243,0,8
229,243,0,8
229,242,0,8
230,242,0,8
232,241,0,8
233,241,0,8
233,240,0,8
233,239,0,8
235,238,0,8
236,236,0,8
236,234,0,8
238,233,0,8
239,232,0,8
239,230,0,8
240,229,0,8
241,228,0,8
241,227,0,8
241,226,0,8
241,225,0,8
240,224,0,8
239,223,0,8
238,222,0,8
237,221,0,8
237,219,0,8
235,217,0,8
234,216,0,8
233,214,0,8
233,213,0,8
230,210,0,8
229,210,0,8
229,209,0,8
228,207,0,8
226,206,0,8
225,206,0,8
224,204,0,8
223,203,0,8
222,202,0,8
221,202,0,8
219,201,0,8
217,200,0,8
213,199,0,8
211,198,0,8
208,198,0,8
206,196,0,8
204,195,0,8
201,194,0,8
198,194,0,8
197,193,0,8
194,192,0,8
193,192,0,8
192,192,0,8
191,191,0,8
190,191,0,8
189,191,0,8
189,190,0,8
188,189,0,8
187,188,0,8
186,186,0,8
186,184,0,8
186,183,0,8
186,182,0,8
186,181,0,8
186,180,0,8
186,179,0,8
186,178,0,8
186,177,0,8
186,175,0,8
186,174,0,8
186,173,0,8
187,172,0,8
188,170,0,8
189,168,0,8
190,166,0,8
191,166,0,8
193,163,0,8
195,161,0,8
197,159,0,8
200,157,0,8
202,154,0,8
205,152,0,8
208,150,0,8
210,149,0,8
213,146,0,8
214,146,0,8
215,145,0,8
217,143,0,8
219,142,0,8
220,142,0,8
221,142,0,8
221,141,0,8
222,140,0,8
224,140,0,8
225,139,0,8
226,139,0,8
228,139,0,8
229,139,0,8
232,138,0,8
233,138,0,8
234,138,0,8
237,138,0,8
239,138,0,8
241,138,0,8
242,138,0,8
245,138,0,8
246,139,0,8
249,139,0,8
250,139,0,8
252,140,0,8
254,140,0,8
256,142,0,8
257,142,0,8
258,142,0,8
260,142,0,8
261,142,0,8
261,143,0,8
263,144,0,8
264,144,0,8
265,145,0,8
266,145,0,8
267,145,0,8
267,146,0,8
268,146,0,8
269,146,0,8
160,214,0,8
158,212,0,8
153,207,0,8
151,205,0,8
149,202,0,8
147,199,0,8
146,198,0,8
145,197,0,8
145,196,0,8
144,196,0,8
144,195,0,8
144,193,0,8
143,193,0,8
143,192,0,8
143,191,0,8
142,191,0,8
140,190,0,8
140,189,0,8
140,188,0,8
140,187,0,8
140,186,0,8
140,185,0,8
140,184,0,8
140,183,0,8
140,182,0,8
140,181,0,8
141,180,0,8
142,179,0,8
142,178,0,8
142,177,0,9
143,176,0,9
144,176,0,9
144,175,0,9
145,174,0,9
146,173,0,9
147,173,0,9
148,173,0,9
149,171,0,9
150,169,0,9
152,169,0,9
155,167,0,9
157,165,0,9
160,164,0,9
162,163,0,9
164,161,0,9
165,160,0,9
168,159,0,9
170,158,0,9
172,158,0,9
173,158,0,9
176,157,0,9
177,157,0,9
179,157,0,9
180,157,0,9
181,157,0,9
182,157,0,9
183,157,0,9
184,157,0,9
185,158,0,9
186,159,0,9
188,160,0,9
189,161,0,9
190,162,0,9
192,164,0,9
192,165,0,9
194,165,0,9
196,166,0,9
196,167,0,9
197,169,0,9
199,170,0,9
201,171,0,9
203,172,0,9
203,173,0,9
204,174,0,9
205,175,0,9
207,177,0,9
208,177,0,9
208,178,0,9
209,178,0,9
209,179,0,9
210,180,0,9
211,181,0,9
212,182,0,9
212,183,0,9
212,184,0,9
214,185,0,9
215,186,0,9
215,189,0,9
216,189,0,9
216,192,0,9
217,193,0,9
217,197,0,9
217,198,0,9
218,201,0,9
218,203,0,9
218,204,0,9
218,205,0,9
218,206,0,9
218,209,0,9
218,210,0,9
218,212,0,9
218,213,0,9
217,213,0,9
217,214,0,9
216,214,0,9
216,215,0,9
216,216,0,9
215,216,0,9
214,217,0,9
213,217,0,9
212,217,0,9
212,218,0,9
211,218,0,9
210,218,0,9
209,218,0,9
208,218,0,9
207,218,0,9
206,218,0,9
205,218,0,9
204,218,0,9
202,218,0,9
201,218,0,9
200,218,0,9
199,218,0,9
198,218,0,9
197,218,0,9
196,218,0,9
195,218,0,9
194,218,0,9
193,218,0,9
192,218,0,9
191,218,0,9
190,218,0,9
189,218,0,9
189,217,0,9
188,217,0,9
188,216,0,9
188,215,0,9
188,214,0,9
187,213,0,9
187,212,0,9
187,211,0,9
187,210,0,9
187,209,0,9
187,208,0,9
